{
    "elapsed_time": 12.761419971007854,
    "num_requests": 20,
    "total_num_tokens": 7906,
    "requests_per_second": 1.5672237137745784,
    "tokens_per_second": 619.5235340550907
}